tipo_servico,equipamento,n,soma,soma_quad,media,desvio
assistência,,4,44.833333,506.375,11.2083,1.1355
borracharia,BAU OFICINA,12,12.283333,13.906944,1.0236,0.3482
borracharia,BAZUCA TRANSPORTE DE ADUBO,2,3.55,6.324722,1.775,0.1532
borracharia,CACAMBA HIDRAULICA,2,4.916667,12.256944,2.4583,0.4125
borracharia,CAMINHAO VM270 4X2R,1,1.833333,3.361111,1.8333,0.0
borracharia,CANTERIZADOR DMB,1,0.65,0.4225,0.65,0.0
borracharia,CANTERIZADOR PROTOTIPO,1,2.583333,6.673611,2.5833,0.0
borracharia,CARRETA PRANCHA,7,11.5,23.27,1.6429,0.8541
borracharia,COLHEDORA AGNES 367K,4,10.05,27.976389,2.5125,0.9532
borracharia,COLHEDORA CANA INTEIRA,6,18.35,60.911389,3.0583,0.9789
borracharia,EMPILHADEIRA (ESTOQUE),1,2.3,5.29,2.3,0.0
borracharia,EMPILHADEIRA (SERTAOZINHO),3,4.566667,6.957222,1.5222,0.0536
borracharia,EMPILHADEIRA HYSTER,2,3.933333,8.340556,1.9667,0.7778
borracharia,GIGANTE TRACTOR,39,51.733333,95.373889,1.3265,0.839
borracharia,GRADE INTERMEDIARIA 32X28,1,1.283333,1.646944,1.2833,0.0
borracharia,MOTOR ESTACIONARIO MOTOBOMBA,1,0.966667,0.934444,0.9667,0.0
borracharia,ONIBUS FRENTE AGRO VALE,1,2.433333,5.921111,2.4333,0.0
borracharia,ONIBUS VM/MPOLO TRANSPORTE FUNCIONARIOS,1,1.033333,1.067778,1.0333,0.0
borracharia,ONIBUS VOLVO,1,2.283333,5.213611,2.2833,0.0
borracharia,PA CARREGADEIRA 920K,1,3.583333,12.840278,3.5833,0.0
borracharia,PLANTADEIRA USA JHON DEERE 13 LINHAS PT1,1,1.45,2.1025,1.45,0.0
borracharia,PLANTADEIRA USADA JHON DEERE 13 LINHAS PT1,1,1.466667,2.151111,1.4667,0.0
borracharia,PULVERIZADOR ORION 250,2,4.783333,15.130278,2.3917,1.921
borracharia,PULVERIZADOR PLA 125J,1,1.5,2.25,1.5,0.0
borracharia,TANQUE PIPA,1,1.316667,1.733611,1.3167,0.0
borracharia,TRANBORDO EMPRESTADO METALCANA,1,0.383333,0.146944,0.3833,0.0
borracharia,TRANSBORDO GIGANTE,103,144.95,277.249722,1.4073,0.8475
borracharia,TRATOR FENDY 936 GEN7 FENDT,1,3.366667,11.334444,3.3667,0.0
borracharia,TRATOR NEW HOLLAND T7.245,107,250.633333,758.252222,2.3424,1.2708
borracharia,TRATOR NEW HOLLAND TL5.100,1,1.016667,1.033611,1.0167,0.0
borracharia,TRATOR NEW HOLLAND TL95E,2,3.566667,6.387778,1.7833,0.165
borracharia,UNO,1,0.65,0.4225,0.65,0.0
borracharia,VOLVO VM 330,31,48.066667,93.322778,1.5505,0.7915
borracharia,,431,878.033333,2856.244444,2.0372,1.5756
carga/descarga,CACAMBA HIDRAULICA,1,2.583333,6.673611,2.5833,0.0
carga/descarga,CANTERIZADOR PROTOTIPO,4,4.216667,5.383611,1.0542,0.5593
carga/descarga,CARRETA DE MUDA DMB,1,1.383333,1.913611,1.3833,0.0
carga/descarga,COLHEDORA AGNES 367K,4,11.916667,40.3125,2.9792,1.2663
carga/descarga,COLHEDORA CANA INTEIRA,6,11.333333,35.155556,1.8889,1.6582
carga/descarga,COLHEDORA JOHN DEERE 3520,2,10.083333,61.340278,5.0417,3.2409
carga/descarga,COLHEDORA JOHN DEERE 3522,1,1.133333,1.284444,1.1333,0.0
carga/descarga,COLHEDORA JOHN DEERE CH570,4,5.2,8.743333,1.3,0.8131
carga/descarga,COLHEDORA JOHN DEERE CH670,4,9.766667,33.654444,2.4417,1.8081
carga/descarga,COLHEDORA JOHN DEERE CH671,4,12.283333,50.323611,3.0708,2.0497
carga/descarga,CULTIVADOR DMB 03 HASTE C/ADUB DESILERADOR,2,3.0,4.555556,1.5,0.2357
carga/descarga,DISTRIBUIDOR DE CALCARIO,1,1.0,1.0,1.0,0.0
carga/descarga,EMPILHADEIRA (SERTAOZINHO),1,1.166667,1.361111,1.1667,0.0
carga/descarga,GIGANTE TRACTOR,16,30.183333,81.316944,1.8865,1.2748
carga/descarga,GRADE NIVELADORA CONTROLE REMOTO 56 DISCOS,1,0.666667,0.444444,0.6667,0.0
carga/descarga,KOMBI,2,10.75,90.451389,5.375,5.7158
carga/descarga,NIVELADORA DE ARRASTO 96 DISCOS PICCINI,2,2.616667,3.463611,1.3083,0.2003
carga/descarga,S10,1,2.5,6.25,2.5,0.0
carga/descarga,STRADA,3,6.833333,16.680556,2.2778,0.7469
carga/descarga,SUBSOLADOR CANAVIEIRO CIVEMASA,2,8.5,41.138889,4.25,2.2392
carga/descarga,TRATOR FENDY 936 GEN7 FENDT,1,2.0,4.0,2.0,0.0
carga/descarga,TRATOR NEW HOLLAND T7.245,8,19.45,59.031389,2.4312,1.2952
carga/descarga,TRATOR NEW HOLLAND TL95E,1,1.75,3.0625,1.75,0.0
carga/descarga,VOLVO VM 330,5,13.083333,37.676944,2.6167,0.9277
carga/descarga,,540,1219.233333,4045.638889,2.2578,1.5487
elétrica,BAU OFICINA,2,2.75,3.8125,1.375,0.1768
elétrica,CAMINHAO VM270 4X2R,3,14.5,88.847222,4.8333,3.063
elétrica,CAMINHAO VOLVO 330 6X4R,1,0.8,0.64,0.8,0.0
elétrica,CANTERIZADOR METALCANA PROTOTIPO,2,8.416667,35.590278,4.2083,0.4125
elétrica,COLHEDORA AGNES 367K,167,1112.15,9661.916389,6.6596,3.6861
elétrica,COLHEDORA CANA INTEIRA,45,254.916667,1667.423611,5.6648,2.2531
elétrica,COLHEDORA JOHN DEERE 3520,60,332.616667,2623.593056,5.5436,3.6353
elétrica,COLHEDORA JOHN DEERE CH570,74,486.866667,4295.276111,6.5793,3.8678
elétrica,COLHEDORA JOHN DEERE CH670,7,47.833333,348.111111,6.8333,1.8819
elétrica,COLHEDORA JOHN DEERE CH671,1,1.916667,3.673611,1.9167,0.0
elétrica,EMPILHADEIRA (ESTOQUE),2,19.666667,196.944444,9.8333,1.8856
elétrica,EMPILHADEIRA BAOLI (TESTON),2,5.5,17.847222,2.75,1.6499
elétrica,GERADOR CATERPILLAR,2,5.466667,17.587222,2.7333,1.6263
elétrica,GIGANTE TRACTOR,222,1165.85,8031.525833,5.2516,2.939
elétrica,HELICOPTERO BELL 407,3,7.583333,23.5625,2.5278,1.4821
elétrica,HELICOPTERO RAVEN 44,1,0.916667,0.840278,0.9167,0.0
elétrica,MOTOR ESTACIONARIO MOTOBOMBA,5,25.75,144.645833,5.15,1.7345
elétrica,NOVA AGNES,6,39.083333,286.8125,6.5139,2.5388
elétrica,OROCH,4,4.416667,5.979167,1.1042,0.6062
elétrica,PA CARREGADEIRA 920K,1,5.083333,25.840278,5.0833,0.0
elétrica,PLANTADEIRA ANTARES,14,94.066667,824.437778,6.719,3.8471
elétrica,PLANTADEIRA ANTARES 4 LINHAS,5,42.0,359.5,8.4,1.2942
elétrica,PLANTADEIRA ANTARES SEMI AUTOMTICA 4 LINHAS,4,27.15,236.1225,6.7875,4.157
elétrica,PLANTADEORA SOJA JD 1111 C/ MARCADOR DE LIN,1,2.5,6.25,2.5,0.0
elétrica,PULVERIZADOR NOVO PLA,8,46.5,380.083333,5.8125,3.9606
elétrica,PULVERIZADOR ORION 250,14,79.916667,558.326389,5.7083,2.803
elétrica,STRADA,1,1.333333,1.777778,1.3333,0.0
elétrica,TRANSBORDO GIGANTE,4,6.75,14.354167,1.6875,0.9939
elétrica,TRATOR MASSEY 275,8,37.5,238.666667,4.6875,2.9973
elétrica,TRATOR NEW HOLLAND T7.245,137,648.016667,4137.690833,4.73,2.8083
elétrica,TRATOR NEW HOLLAND TL75E,10,58.766667,410.476667,5.8767,2.69
elétrica,TRATOR NEW HOLLAND TL95E,12,78.383333,586.985833,6.5319,2.611
elétrica,TRICICLO HONDA NXR150,1,3.916667,15.340278,3.9167,0.0
elétrica,VM CAMINHAO COMBOIO,3,6.166667,19.986111,2.0556,1.9118
elétrica,VOLVO FH 540 6X4,1,4.25,18.0625,4.25,0.0
elétrica,VOLVO VM 330,36,162.6,1053.809444,4.5167,3.0209
elétrica,,1031,5788.033333,42924.788333,5.614,3.1823
lavagem/lubrificação/abastecimento,AMAROK HIGH V6 (PEDRO),1,2.583333,6.673611,2.5833,0.0
lavagem/lubrificação/abastecimento,AMAROK V6,4,6.416667,10.701389,1.6042,0.3688
lavagem/lubrificação/abastecimento,AREA DE VIVENCIA,2,5.7,20.645556,2.85,2.0978
lavagem/lubrificação/abastecimento,BAU OFICINA,9,7.95,7.423056,0.8833,0.2238
lavagem/lubrificação/abastecimento,BAZUCA TRANSPORTE DE ADUBO,2,1.05,0.5525,0.525,0.0354
lavagem/lubrificação/abastecimento,CAMINHAO MB 2217,1,1.666667,2.777778,1.6667,0.0
lavagem/lubrificação/abastecimento,CAMINHAO VM 270 (FRENTE 1),1,0.65,0.4225,0.65,0.0
lavagem/lubrificação/abastecimento,CAMINHAO VM 270 AX2R,4,5.966667,10.022778,1.4917,0.6117
lavagem/lubrificação/abastecimento,CAMINHAO VM270 4X2R,7,18.683333,56.900833,2.669,1.0828
lavagem/lubrificação/abastecimento,CAMINHAO VOLVO 330 6X4R,2,3.133333,4.922778,1.5667,0.1179
lavagem/lubrificação/abastecimento,CAMINHAO VOLVO VM,5,9.066667,16.579444,1.8133,0.1861
lavagem/lubrificação/abastecimento,CAMINHAO VOLVO VM 310,3,4.466667,7.056111,1.4889,0.4504
lavagem/lubrificação/abastecimento,CANTERIZADOR METALCANA PROTOTIPO,1,2.633333,6.934444,2.6333,0.0
lavagem/lubrificação/abastecimento,COLHEDORA AGNES 367K,74,194.416667,743.249167,2.6273,1.7845
lavagem/lubrificação/abastecimento,COLHEDORA AGNES MOTOR SCANNIA M10030201902,2,3.65,6.711389,1.825,0.2239
lavagem/lubrificação/abastecimento,COLHEDORA CANA INTEIRA,7,13.033333,38.965556,1.8619,1.5652
lavagem/lubrificação/abastecimento,COLHEDORA JD 3522,5,7.6,12.423333,1.52,0.4667
lavagem/lubrificação/abastecimento,COLHEDORA JOHN DEERE 3520,50,87.95,170.480278,1.759,0.5674
lavagem/lubrificação/abastecimento,COLHEDORA JOHN DEERE 3522,19,29.683333,50.305278,1.5623,0.4674
lavagem/lubrificação/abastecimento,COLHEDORA JOHN DEERE 950,12,21.183333,38.413611,1.7653,0.3044
lavagem/lubrificação/abastecimento,COLHEDORA JOHN DEERE CH570,94,147.666667,253.878889,1.5709,0.4853
lavagem/lubrificação/abastecimento,COLHEDORA JOHN DEERE CH670,12,34.066667,134.318889,2.8389,1.849
lavagem/lubrificação/abastecimento,CULTIVADOR DMB,1,1.833333,3.361111,1.8333,0.0
lavagem/lubrificação/abastecimento,EMPILHADEIRA (ESTOQUE),2,1.483333,1.100278,0.7417,0.0118
lavagem/lubrificação/abastecimento,ESCAVADEIRA VOLVO EC210,3,6.4,13.685,2.1333,0.1258
lavagem/lubrificação/abastecimento,FIAT TORO VOLCANO T270 AT6,4,10.416667,29.923611,2.6042,0.9656
lavagem/lubrificação/abastecimento,FIAT TORO VOLCANO TURBO (KENY),1,3.166667,10.027778,3.1667,0.0
lavagem/lubrificação/abastecimento,FIORINO ENDURANCE 1.4,4,9.166667,22.972222,2.2917,0.8094
lavagem/lubrificação/abastecimento,GIGANTE TRACTOR,86,175.466667,512.908333,2.0403,1.35
lavagem/lubrificação/abastecimento,HELICOPTERO BELL 407,1,0.583333,0.340278,0.5833,0.0
lavagem/lubrificação/abastecimento,KOMBI,23,37.95,74.949167,1.65,0.7487
lavagem/lubrificação/abastecimento,L200 TRITON,1,3.3,10.89,3.3,0.0
lavagem/lubrificação/abastecimento,L200 TRITON GLSA TRANSPORTE FUNCIONARIOS,1,2.583333,6.673611,2.5833,0.0
lavagem/lubrificação/abastecimento,MONTANA LTZ (LUCAS),10,17.55,32.610278,1.755,0.4485
lavagem/lubrificação/abastecimento,MOTOCANA M.F 290,2,2.3,2.645,1.15,0.0
lavagem/lubrificação/abastecimento,MOTOCANA MF290 4X4,1,0.983333,0.966944,0.9833,0.0
lavagem/lubrificação/abastecimento,MOTOR ESTACIONARIO MOTOBOMBA,2,3.166667,5.013889,1.5833,0.0
lavagem/lubrificação/abastecimento,NOVA AGNES,7,9.533333,15.967222,1.3619,0.7052
lavagem/lubrificação/abastecimento,ONIBUS FRENTE AGRO VALE,2,3.666667,6.777778,1.8333,0.2357
lavagem/lubrificação/abastecimento,ONIBUS VM/MPOLO SEN,3,9.966667,33.392778,3.3222,0.375
lavagem/lubrificação/abastecimento,ONIBUS VM/MPOLO TRANSPORTE FUNCIONARIOS,2,6.716667,25.808056,3.3583,1.8031
lavagem/lubrificação/abastecimento,ONIBUS VOLKSVAGEN 15.190,4,10.033333,27.948333,2.5083,0.9629
lavagem/lubrificação/abastecimento,ONIBUS VOLVO,3,9.633333,31.765,3.2111,0.6447
lavagem/lubrificação/abastecimento,OROCH,5,8.716667,16.060833,1.7433,0.465
lavagem/lubrificação/abastecimento,PA CARREGADEIRA 920K,7,12.833333,25.191667,1.8333,0.5266
lavagem/lubrificação/abastecimento,PA CARREGADEIRA 924K,1,1.5,2.25,1.5,0.0
lavagem/lubrificação/abastecimento,PA CARREGADEIRA 938K,3,4.633333,7.506111,1.5444,0.4184
lavagem/lubrificação/abastecimento,PULVERIZADOR NOVO PLA,3,8.95,34.184722,2.9833,1.9344
lavagem/lubrificação/abastecimento,PULVERIZADOR ORION 250,3,7.5,20.041667,2.5,0.8036
lavagem/lubrificação/abastecimento,PULVERIZADOR PLA 125J,8,21.75,157.840278,2.7187,3.7551
lavagem/lubrificação/abastecimento,RAMPAGE R/T,5,10.216667,22.538611,2.0433,0.6447
lavagem/lubrificação/abastecimento,S10,10,21.1,49.346111,2.11,0.7322
lavagem/lubrificação/abastecimento,STRADA,26,57.966667,147.060556,2.2295,0.8444
lavagem/lubrificação/abastecimento,TRANSBORDO GIGANTE,40,112.616667,382.798611,2.8154,1.2983
lavagem/lubrificação/abastecimento,TRATOR MASSEY 275,5,7.35,13.003056,1.47,0.7414
lavagem/lubrificação/abastecimento,TRATOR NEW HOLLAND T7.245,328,460.25,846.305833,1.4032,0.783
lavagem/lubrificação/abastecimento,TRATOR NEW HOLLAND T8 385,11,17.383333,27.924722,1.5803,0.213
lavagem/lubrificação/abastecimento,TRATOR NEW HOLLAND TL5.100,7,9.266667,14.073333,1.3238,0.5486
lavagem/lubrificação/abastecimento,TRATOR NEW HOLLAND TL75E,3,3.45,4.134167,1.15,0.2887
lavagem/lubrificação/abastecimento,TRATOR NEW HOLLAND TL95E,15,23.3,42.566667,1.5533,0.6747
lavagem/lubrificação/abastecimento,TRICICLO HONDA NXR150,4,3.35,3.161389,0.8375,0.3444
lavagem/lubrificação/abastecimento,TRICICLO HONDA NXR150 (OFICINA),1,0.75,0.5625,0.75,0.0
lavagem/lubrificação/abastecimento,UNO,4,8.85,21.4475,2.2125,0.7889
lavagem/lubrificação/abastecimento,VM CAMINHAO COMBOIO,9,22.666667,60.75,2.5185,0.6767
lavagem/lubrificação/abastecimento,VOLVO VM 330,72,137.483333,309.133611,1.9095,0.8102
lavagem/lubrificação/abastecimento,VW/ONIBUS 15.190,2,2.983333,4.661389,1.4917,0.4596
lavagem/lubrificação/abastecimento,,1133,2091.333333,5303.502778,1.8458,1.1291
mecânica,CANTERIZADOR PROTOTIPO,1,2.816667,7.933611,2.8167,0.0
mecânica,CARREGADEIRA NEW HOLLAND TS 6000,1,1.816667,3.300278,1.8167,0.0
mecânica,CARRETA PRANCHA,1,1.583333,2.506944,1.5833,0.0
mecânica,COLHEDORA AGNES 367K,505,2975.0,22758.666667,5.8911,3.2222
mecânica,COLHEDORA CANA INTEIRA,95,467.666667,2909.769444,4.9228,2.5423
mecânica,COLHEDORA JD 3522,1,6.666667,44.444444,6.6667,0.0
mecânica,COLHEDORA JOHN DEERE 3520,115,616.883333,4361.794167,5.3642,3.0388
mecânica,COLHEDORA JOHN DEERE 3522,11,48.45,299.604167,4.4045,2.9361
mecânica,COLHEDORA JOHN DEERE CH570,164,1003.316667,7305.836944,6.1178,2.6766
mecânica,COLHEDORA JOHN DEERE CH670,71,400.866667,2810.317778,5.646,2.7955
mecânica,COLHEDORA JOHN DEERE CH671,7,23.383333,117.7325,3.3405,2.5697
mecânica,CULTIVADOR 4 LINHAS DISCO DUPLO,1,2.933333,8.604444,2.9333,0.0
mecânica,DOBLO COMPRADA RIO DE JANEIRO,1,3.916667,15.340278,3.9167,0.0
mecânica,EMPILHADEIRA (ESTOQUE),1,1.0,1.0,1.0,0.0
mecânica,EMPILHADEIRA BAOLI (TESTON),7,25.6,111.016111,3.6571,1.7026
mecânica,EMPILHADEIRA HYSTER,3,6.9,22.251667,2.3,1.7863
mecânica,ESCAVADEIRA VOLVO EC210,8,63.266667,540.674444,7.9083,2.4006
mecânica,FIAT TORO (CHARLES),1,2.5,6.25,2.5,0.0
mecânica,FIAT TORO VOLCANO T270 AT6,1,2.166667,4.694444,2.1667,0.0
mecânica,FIORINO ENDURANCE 1.4,5,17.666667,77.791667,3.5333,1.9602
mecânica,GIGANTE TRACTOR,646,3350.75,22834.954722,5.1869,2.9081
mecânica,GRADE NIVELADORA CONTROLE REMOTO 56 DISCOS,1,1.333333,1.777778,1.3333,0.0
mecânica,HONDA BROS 125KS,2,1.666667,1.388889,0.8333,0.0
mecânica,HONDA BROS 160,1,1.833333,3.361111,1.8333,0.0
mecânica,KOMBI,221,926.766667,5283.542778,4.1935,2.52
mecânica,MONTANA LTZ (LUCAS),4,24.416667,152.840278,6.1042,1.125
mecânica,MOTOR ESTACIONARIO MOTOBOMBA,1,1.583333,2.506944,1.5833,0.0
mecânica,NOVA AGNES,47,222.533333,1236.410556,4.7348,1.9933
mecânica,ONIBUS VOLKSVAGEN 15.190,1,1.0,1.0,1.0,0.0
mecânica,OROCH,3,4.966667,11.023333,1.6556,1.1834
mecânica,PA CARREGADEIRA 920K,19,124.0,928.157222,6.5263,2.5701
mecânica,PLANTADEIRA JOHN DEERE 1100-10 LINHAS,3,8.483333,28.050278,2.8278,1.425
mecânica,PULVERIZADOR NOVO PLA,1,2.3,5.29,2.3,0.0
mecânica,PULVERIZADOR ORION 250,31,122.833333,634.534444,3.9624,2.2198
mecânica,QUADRICICLO HONDA FOUR TRAX,1,2.333333,5.444444,2.3333,0.0
mecânica,RAMPAGE R/T,4,8.0,17.041667,2.0,0.5893
mecânica,RAPTOR,1,4.25,18.0625,4.25,0.0
mecânica,S10,26,125.216667,708.610833,4.816,2.0549
mecânica,STRADA,66,294.0,1648.997222,4.4545,2.2849
mecânica,TRATOR FENDY 936 GEN7 FENDT,1,2.0,4.0,2.0,0.0
mecânica,TRATOR MASSEY 275,28,104.166667,498.156667,3.7202,2.0242
mecânica,TRATOR NEW HOLLAND T7.245,419,1900.6,12264.430556,4.536,2.9523
mecânica,TRATOR NEW HOLLAND TL75E,26,139.666667,910.933889,5.3718,2.5351
mecânica,TRATOR NEW HOLLAND TL95E,60,331.333333,2168.468889,5.5222,2.3962
mecânica,TRICICLO HONDA NXR150,2,7.166667,41.736111,3.5833,4.0069
mecânica,TRICICLO HONDA NXR150 (OFICINA),3,5.166667,11.638889,1.7222,1.1706
mecânica,UNO,8,25.666667,92.472222,3.2083,1.2027
mecânica,VM CAMINHAO COMBOIO,3,20.25,143.784722,6.75,1.8838
mecânica,VOLVO VM 330,75,371.683333,2358.559167,4.9558,2.6421
mecânica,,3042,15585.083333,106210.576944,5.1233,2.9444
munck,COLHEDORA AGNES 367K,2,2.35,2.784722,1.175,0.1532
munck,COLHEDORA CANA INTEIRA,2,2.9,4.272222,1.45,0.2593
munck,COLHEDORA JD 3522,2,5.85,21.1725,2.925,2.0153
munck,COLHEDORA JOHN DEERE 3520,1,3.216667,10.346944,3.2167,0.0
munck,COLHEDORA JOHN DEERE CH570,7,17.05,49.838056,2.4357,1.1768
munck,COLHEDORA JOHN DEERE CH670,1,0.716667,0.513611,0.7167,0.0
munck,GIGANTE TRACTOR,14,26.916667,72.433056,1.9226,1.2613
munck,PULVERIZADOR ORION 250,1,1.416667,2.006944,1.4167,0.0
munck,,79,180.8,628.964444,2.2886,1.661
prensagem,,2,4.083333,8.756944,2.0417,0.6482
serviços gerais,COLHEDORA AGNES 367K,1,5.383333,28.980278,5.3833,0.0
serviços gerais,GIGANTE TRACTOR,1,1.116667,1.246944,1.1167,0.0
serviços gerais,TRANSBORDO GIGANTE,1,2.916667,8.506944,2.9167,0.0
serviços gerais,TRATOR NEW HOLLAND T7.245,2,5.75,19.868056,2.875,1.8267
serviços gerais,VOLVO VM 330,1,0.916667,0.840278,0.9167,0.0
serviços gerais,,429,981.25,3768.335833,2.2873,1.8869
troca de óleo,TRATOR MASSEY 275,1,1.483333,2.200278,1.4833,0.0
troca de óleo,TRATOR NEW HOLLAND TL95E,1,1.5,2.25,1.5,0.0
troca de óleo,,2,2.983333,4.450278,1.4917,0.0118
